No,Quantity,Comment,Designator,Footprint,Value,ManufacturerPart,Manufacturer,SupplierPart,Supplier
1,1,100uF,C1,CAP-TH_BD6.3-P2.50-D0.6-FD-H12.0,100uF,ELR1V101M061200Y,TOPAZCON,C53243582,LCSC
2,5,2.2uF,"C2,C5,C6,C20,C22",C0805,2.2uF,HHV0805R7225K101NSLJ,Chinocera,C22367838,LCSC
3,1,47pF,C3,C0603,47pF,0603CG470J250NT,FH,C2939808,LCSC
4,1,470nF,C4,C0603,470nF,FCC0603B474K160CTM,FOJAN,C54619744,LCSC
5,29,100nF,"C7,C8,C9,C10,C11,C12,C15,C18,C19,C21,C23,C24,C25,C26,C27,C30,C31,C32,C33,C36,C37,C38,C39,C40,C41,C42,C43,C44,C45",C0603,100nF,TCC0603X7R104K250CT,CCTC,C7501158,LCSC
6,3,220uF,"C13,C14,C17",CAP-TH_BD6.3-P2.50-D0.5-FD-H11.0,220uF,CD26G1AM221E110T,CH,C51026544,LCSC
7,3,10uF,"C16,C34,C35",C0805,10uF,FCC0805B106K160FT,FOJAN,C54619708,LCSC
8,2,100nF,"C28,C29",C0805,100nF,CC0805KRX7R9BB104,YAGEO,C49678,LCSC
9,5,B3B-PH-K-S(LF)(SN),"CN1,CN5,CN12,CN13,CN14",CONN-TH_B3B-PH-K-S,,B3B-PH-K-S(LF)(SN),JST,C131339,LCSC
10,1,ALIMENTAZIONE,CN2,CONN-TH_WJ2EDGVC-5.08-2P,,ALIMENTAZIONE,KANGNEX,C8445,LCSC
11,1,KF2EDGV-3.81-2P,CN3,CONN-TH_2P-P3.81_KF2EDGV-3.81-2P,,KF2EDGV-3.81-2P,KEFA,C441332,LCSC
12,1,LED OUT,CN4,CONN-TH_B3B-PH-K-S,,LED OUT,JST,C131339,LCSC
13,1,vfd pot,CN6,CONN-TH_ZX-DGVC-3.81-3P,,vfd pot,LAILAN,C55144766,LCSC
14,1,ACIDO,CN7,CONN-TH_ZX-DGVC-3.81-3P,,ACIDO,LAILAN,C55144766,LCSC
15,1,PH,CN8,CONN-TH_ZX-DGVC-3.81-3P,,PH,LAILAN,C55144766,LCSC
16,1,FILTRAGGIO,CN9,CONN-TH_ZX-DGVC-3.81-3P,,FILTRAGGIO,LAILAN,C55144766,LCSC
17,1,EELETTROVALVOLE,CN10,CONN-TH_WJ15EDGVC-3.81-5P,,EELETTROVALVOLE,KANGNEX,C8391,LCSC
18,1,RS485A,CN11,CONN-TH_ZX-DGVC-3.81-3P,,RS485A,LAILAN,C55144766,LCSC
19,1,DOSATRICE,CN18,CONN-TH_ZX-DGVC-3.81-3P,,DOSATRICE,LAILAN,C55144766,LCSC
20,4,PH-5A,"CN19,CN20,CN21,CN22",CONN-TH_5P-P2.00_HCTL_PH-5A_C2908626,,PH-5A,HCTL,C2908626,LCSC
21,1,K24,D1,SOD-123FL_L2.8-W1.8-LS3.8-RD,,K24,DDF,C50229773,LCSC
22,2,SMAJ12CA,"D2,D3",SMA_L4.2-W2.7-LS5.0-BI,,SMAJ12CA,GOODWORK,C908818,LCSC
23,1,SMBJ30A,D5,SMB_L4.6-W3.6-LS5.3-RD,,SMBJ30A,MDD,C113998,LCSC
24,4,JUMPER 0805,"JP1,JP2,JP3,JP4",JUMPERPAD0805,,,,,Volatile
25,1,220uH 16 OHM,L1,IND-SMD_L4.5-W4.0_SCD0403T,220uH 16 OHM,SCD0403T-221K-N,Chilisin,,LCSC
26,1,15uH,L2,IND-SMD_L7.7-W6.6_APS0630,15uH,APS0630M150A,Coilank,C47327208,LCSC
27,2,3x20mA,"P1,P2",CONN-TH_6P_WJ15EDGVC-3.81-6P,,3x20mA,KANGNEX,C8415,LCSC
28,1,Q ACIDO,Q1,SOT-23-3_L2.9-W1.3-P1.90-LS2.4-BR,,Q ACIDO,JSMSEMI,C5296725,LCSC
29,3,Q PH,"Q2,Q3,Q9",SOT-23-3_L2.9-W1.3-P1.90-LS2.4-BR,,Q PH,JSMSEMI,C5296725,LCSC
30,5,50N06,"Q4,Q5,Q6,Q7,Q8",TO-252-2_L6.6-W6.1-P4.57-LS9.9-BR-CW,,50N06,HL,C18164387,LCSC
31,41,10kΩ,"R1,R3,R6,R7,R8,R9,R13,R14,R15,R16,R19,R20,R21,R22,R23,R24,R25,R26,R27,R28,R29,R30,R31,R32,R48,R49,R50,R51,R62,R63,R64,R74,R76,R80,R105,R106,R107,R113,R115,R118,R119",R0603,10kΩ,RC0603FR-0710KL,YAGEO,C98220,LCSC
32,1,80.6kΩ,R2,R0603,80.6kΩ,FRC0603F8062TS,FOJAN,C2933260,LCSC
33,1,470kΩ,R4,R0805,470kΩ,RT0805BRE07470KL,YAGEO,C706280,LCSC
34,1,120kΩ,R5,R0805,120kΩ,ERA6AEB124V,PANASONIC,C473315,LCSC
35,2,100kΩ,"R10,R17",RES-ADJ-TH_3296W-1-203,100kΩ,3296W-1-104,JIERR,C48997936,LCSC
36,1,33kΩ,R11,R0805,33kΩ,0805W8F3302T5E,UNI-ROYAL,C17633,LCSC
37,1,15kΩ,R12,R0805,15kΩ,RT0805BRD0715KL,YAGEO,C728642,LCSC
38,1,4.99kΩ,R18,R0805,4.99kΩ,FRC0805F4991TS,FOJAN,C2933454,LCSC
39,14,4.7kΩ,"R33,R34,R47,R68,R69,R73,R78,R88,R89,R108,R109,R110,R111,R112",R0805,4.7kΩ,0805W8F4701T5E,UNI-ROYAL,C17673,LCSC
40,12,10Ω,"R35,R36,R37,R38,R39,R40,R41,R42,R43,R44,R45,R46",R0805_NEW,10Ω,0805W8F100JT5E,UNI-ROYAL,C17415,LCSC
41,1,10kΩ,R52,R1206,10kΩ,FRC1206F1002TS,FOJAN,C2907370,LCSC
42,8,100Ω,"R53,R54,R55,R56,R57,R59,R60,R61",R0603,100Ω,FRC0603F1000TS,FOJAN,C2906981,LCSC
43,2,205Ω,"R58,R67",R1206,205Ω,AC1206FR-07205RL,YAGEO,C229437,LCSC
44,2,2kΩ,"R65,R70",R0805,2kΩ,FRC0805F2001TS,FOJAN,C2907248,LCSC
45,2,3.3kΩ,"R66,R71",R0805,3.3kΩ,FRC0805F3301TS,FOJAN,C2907249,LCSC
46,1,120Ω,R72,R1206,120Ω,FRC1206F1200TS,FOJAN,C2933584,LCSC
47,3,475Ω,"R75,R77,R79",R0603,475Ω,RS-03K4750FT,FH,C304757,LCSC
48,6,5.6Ω,"R81,R229,R230,R231,R232,R233",R2512,5.6Ω,25121WF560KT4E,UNI-ROYAL,C620886,LCSC
49,16,0Ω,"R82,R83,R84,R85,R86,R87,R90,R91,R92,R93,R94,R95,R96,R97,R98,R99",R0805,0Ω,0805W8F0000T5E,UNI-ROYAL,C17477,LCSC
50,3,4.7kΩ,"R114,R116,R117",R0603,4.7kΩ,RC0603FR-074K7L,YAGEO,C99782,LCSC
51,1,BNC PH,RF1,BNC-TH_DOSIN-801-0038,BNC PH,DOSIN-801-0038,dosinconn,,LCSC
52,1,3GHz,RF2,BNC-TH_DOSIN-801-0038,3GHz,DOSIN-801-0038,dosinconn,C709673,LCSC
53,1,RELE DOSATORE,RLY1,RELAY-TH_SRD-XXVDC-XL-C,,RELE DOSATORE,SONGLE,C35449,LCSC
54,1,RELE PH,RLY2,RELAY-TH_SRD-XXVDC-XL-C,,RELE PH,SONGLE,C35449,LCSC
55,1,RELE ACIDO,RLY3,RELAY-TH_SRD-XXVDC-XL-C,,RELE ACIDO,SONGLE,C35449,LCSC
56,1,RELE FILTRAGGIO,RLY4,RELAY-TH_SRD-XXVDC-XL-C,,RELE FILTRAGGIO,SONGLE,C35449,LCSC
57,1,LM46002PWPR,U1,HTSSOP-16_L5.0-W4.4-P0.65-LS6.4-BL-EP,,LM46002PWPR,TI,C79086,LCSC
58,1,BL9110-330BPFB,U2,SOT-223_L6.5-W3.5-P2.30-LS7.0-BR,,BL9110-330BPFB,BL,C169246,LCSC
59,1,ESP32-S3-DEVKIT-N16R8 COPY,U3,CONN-TH_ESP32-S3-DEVKITC-1U-N16R8,,ESP32-S3-DEVKITC-1-N8,ESPRESSIF,C20438410,
60,1,MAX3485AEASA+T,U4,SO-8_L4.9-W3.9-P1.27-LS5.9-BL,,MAX3485AEASA+T,ADI/MAXIM,C94609,LCSC
61,1,MCP4018T-502E/LT,U5,SC-70-6_L2.2-W1.3-P0.65-LS2.1-BR,,MCP4018T-502E/LT,MICROCHIP,C129156,LCSC
62,2,INA3221AQRGVRQ1,"U6,U7",VQFN-16_L4.0-W4.0-P0.65-TL-EP2.2,,INA3221AQRGVRQ1,TI,C1849473,LCSC
63,1,MCP23017-E/SS,U8,SSOP-28_L10.2-W5.3-P0.65-LS7.8-BL,,MCP23017-E/SS,MICROCHIP,C506653,LCSC
64,1,OPA2338EA/3K,U9,SOT-23-8_L2.9-W1.6-P0.65-LS2.8-BR,,OPA2338EA/3K,TI,C2877593,LCSC
65,1,LMC7660M/TR,U10,SOP-8_L4.9-W3.9-P1.27-LS6.0-BL,,LMC7660M/TR,HGSEMI,C434489,LCSC
66,1,TMI6030-33,U11,SOT-23-5_L3.0-W1.7-P0.95-LS2.8-BL,,TMI6030-33,TMI,C708883,LCSC
67,1,XC62KN3302PR-G,U12,SOT-89-3_L4.5-W2.5-P1.50-LS4.2-BR,,XC62KN3302PR-G,TOREX,C,LCSC
68,1,JRC4558,U13,SOP-8_L4.9-W3.9-P1.27-LS6.0-BL,,JRC4558,IDCHIP,C5795563,LCSC
69,1,ADS1115IDGSR,U14,MSOP-10_L3.0-W3.0-P0.50-LS5.0-BL,,ADS1115IDGSR,TI,C37593,LCSC
70,13,1N4007,"U15,U16,U17,U22,U23,U24,U26,U28,U32,U37,U39,U40,U41",DO-214AC_L4.3-W3.6-LS5.3-RD,,1N4007,MSKSEMI,C7528875,LCSC
71,4,UCC27517DBVR,"U18,U19,U20,U21",SOT-23-5_L3.0-W1.7-P0.95-LS2.8-BR,,UCC27517DBVR,TI,C99395,LCSC
72,3,PC817B-FEL-S,"U25,U27,U31",SOP-4_L6.5-W4.6-P2.54-LS10.2-TL,,PC817B-FEL-S,DDF,C50229497,LCSC
73,5,B4B-XH-A(LF)(SN),"U29,U30,U38,U46,U47",CONN-TH_B4B-XH-A-LF-SN,,B4B-XH-A(LF)(SN),JST,C144395,LCSC
74,4,M4,"U42,U43,U44,U45",M4 HOLE,,,,,
75,1,BZT52C16,U49,SOD-123_L2.7-W1.6-LS3.8-RD,,BZT52C16,GOODWORK,C2903915,LCSC
